{"cameraMode":{"drawMode":0,"name":"Shaded","section":"Shading Mode"},"sceneLighting":false,"audioPlay":false,"sceneViewState":{"m_AlwaysRefresh":false,"showFog":true,"showSkybox":false,"showFlares":true,"showImageEffects":true,"showParticleSystems":true,"showVisualEffectGraphs":true,"m_FxEnabled":true},"in2DMode":false,"pivot":{"x":381.8500061035156,"y":-22.846668243408204,"z":58.04145812988281},"rotation":{"x":0.09974206238985062,"y":-0.8485620021820068,"z":0.17296099662780763,"w":0.49010735750198367},"size":0.9148223400115967,"orthographic":false}