{"cameraMode":{"drawMode":0,"name":"Shaded","section":"Shading Mode"},"sceneLighting":true,"audioPlay":false,"sceneViewState":{"m_AlwaysRefresh":false,"showFog":true,"showSkybox":true,"showFlares":true,"showImageEffects":true,"showParticleSystems":true,"showVisualEffectGraphs":true,"m_FxEnabled":true},"in2DMode":false,"pivot":{"x":227.14639282226563,"y":-19.75032615661621,"z":50.7055778503418},"rotation":{"x":0.12080907821655274,"y":0.7440646886825562,"z":-0.1400146186351776,"w":0.6420051455497742},"size":0.005583666730672121,"orthographic":false}