{"cameraMode":{"drawMode":0,"name":"Shaded","section":"Shading Mode"},"sceneLighting":true,"audioPlay":false,"sceneViewState":{"m_AlwaysRefresh":false,"showFog":true,"showSkybox":true,"showFlares":true,"showImageEffects":true,"showParticleSystems":true,"showVisualEffectGraphs":true,"m_FxEnabled":true},"in2DMode":false,"pivot":{"x":3.0158681869506838,"y":-4.491755485534668,"z":0.6589879989624023},"rotation":{"x":0.3771366775035858,"y":-0.11680836975574494,"z":0.0484878271818161,"w":0.9176382422447205},"size":29.138219833374025,"orthographic":false}