{"cameraMode":{"drawMode":0,"name":"Shaded","section":"Shading Mode"},"sceneLighting":true,"audioPlay":false,"sceneViewState":{"m_AlwaysRefresh":false,"showFog":true,"showSkybox":true,"showFlares":true,"showImageEffects":true,"showParticleSystems":true,"showVisualEffectGraphs":true,"m_FxEnabled":true},"in2DMode":false,"pivot":{"x":188.8044891357422,"y":-15.009687423706055,"z":74.37308502197266},"rotation":{"x":0.01648339442908764,"y":0.6289467215538025,"z":-0.013012062758207322,"w":0.7772951126098633},"size":0.7116568088531494,"orthographic":false}