{"cameraMode":{"drawMode":0,"name":"Shaded","section":"Shading Mode"},"sceneLighting":true,"audioPlay":false,"sceneViewState":{"m_AlwaysRefresh":false,"showFog":true,"showSkybox":true,"showFlares":true,"showImageEffects":true,"showParticleSystems":true,"showVisualEffectGraphs":true,"m_FxEnabled":true},"in2DMode":false,"pivot":{"x":-1.855318546295166,"y":4.281978607177734,"z":4.9099531173706059},"rotation":{"x":0.19525575637817384,"y":0.011076517403125763,"z":-0.0017692828550934792,"w":0.9808346629142761},"size":11.468812942504883,"orthographic":false}