{"cameraMode":{"drawMode":0,"name":"Shaded","section":"Shading Mode"},"sceneLighting":true,"audioPlay":false,"sceneViewState":{"m_AlwaysRefresh":false,"showFog":true,"showSkybox":true,"showFlares":true,"showImageEffects":true,"showParticleSystems":true,"showVisualEffectGraphs":true,"m_FxEnabled":true},"in2DMode":false,"pivot":{"x":-9.402305603027344,"y":3.2947330474853517,"z":-9.580367088317871},"rotation":{"x":0.19576968252658845,"y":0.26773640513420107,"z":-0.05592719838023186,"w":0.9419259428977966},"size":14.344429016113282,"orthographic":false}